{
  "admin": {
    "username": "econnect",
    "password": "admin"
  },
  "stg": {
    "username": "shubham.avvnl",
    "password": "admin"
  },
  "A": {
    "username": "econnect",
    "password": "admin"
  },
  "test": {
    "username": "econnect",
    "password": "admin"
  },
  "employee": {
    "username": "40052",
    "password": "admin"
  },
  "citizen": {
    "username": "41014",
    "password": "admin"
  },
  "citizen_live": {
    "username": "rajerp.4914",
    "password": "Q-mate@0294"
  },
  "admin_live": {
    "username": "qmate.rajerp",
    "password": "Q-mate@0294"
  },
  "rsmml": {
    "username": "archit.rsmml",
    "password": "admin"
  },
  "risl": {
    "username": "divaksh.risl",
    "password": "Lock@141"
  },
  "avvnl": {
    "username": "Divaksh",
    "password": "Divaksh@123"
  },
  "71": {
    "username": "qmate.rajerp",
    "password": "Q-mate@0294"
  },
  "104": {
    "username": "qmate.rsmml",
    "password": "Q-mate@0294"
  },
    "181": {
    "username": "qmate.avvnl",
    "password": "Q-mate@0294"
  },
    "182": {
    "username": "qmate.jvvnl",
    "password": "Q-mate@0294"
  }
}
