[

    {
        "MODULE": "HRM",
        "NAME": "Advance Conversion",
        "URL": "hrm/APAR/detail?id=-1&source=HR"
    },
    {
        "MODULE": "HRM",
        "NAME": "Annexure C1",
        "URL": "HRM/AnnualReturn"
    },
    {
        "MODULE": "HRM",
        "NAME": "Annexure Columns",
        "URL": "HRM/AttendanceVerification/AttendanceVerificationReport"
    },
    {
        "MODULE": "HRM",
        "NAME": "Annexure Configuration",
        "URL": "HRM/MIS/EmployeeSalaryLeaveReport"
    },
    {
        "MODULE": "HRM",
        "NAME": "Annual Grade Increment",
        "URL": "HRM/AttendanceVerification"
    },
    {
        "MODULE": "HRM",
        "NAME": "Annual Return",
        "URL": "HRM/TDSTaxChallan/TDSIndex"
    },
    {
        "MODULE": "HRM",
        "NAME": "Annual Return",
        "URL": "HRM/AnnualReturn/AnnualReturnIndex"
    },
    {
        "MODULE": "HRM",
        "NAME": "Appeal",
        "URL": "HRM/APAR/FirstAppealList"
    },
    {
        "MODULE": "HRM",
        "NAME": "Appeals",
        "URL": "HRM/TravelExpencesDisbursement"
    },
    {
    "NAME": "My Arrear",
    "MODULE": "HRM",
    "URL": "HRM/SalaryProcess/MyArrear"
    },
    {
        "MODULE": "HRM",
        "NAME": "Arrear Adjust Approval",
        "URL": "HRM/ArrearProcess/ArrearConversionApprovalIndex"
    }
]