
    [
        {
            "username": "Twishpeeka",
            "password": "twishpeeka"
        },
        {
            "username": "Purva133",
            "password": "purva133"
        },
        {
            "username": "Jai",
            "password": "jai"
        },
        {
            "username": "Vinod",
            "password": "vinod"
        },
        {
            "username": "Chanchal.purbia",
            "password": "chanchal.purbia"
        },
        {
            "username": "Juhi",
            "password": "juhi"
        },
        {
            "username": "Umesh",
            "password": "umesh"
        },
        {
            "username": "Pawan",
            "password": "pawan"
        },
        {
            "username": "Vipul.jain.rfc",
            "password": "vipul.jain.rfc"
        },
        {
            "username": "Pawanrfc",
            "password": "pawanrfc"
        },
        {
            "username": "Chanchal.purbia.rfc",
            "password": "chanchal.purbia.rfc"
        },
        {
            "username": "Vipul.jain.jmrc",
            "password": "vipul.jain.jmrc"
        },
        {
            "username": "Twishpeeka.jmrc",
            "password": "twishpeeka.jmrc"
        },
        {
            "username": "ronakauk",
            "password": "ronakauk"
        },
        {
            "username": "Vinodjmrc",
            "password": "vinodjmrc"
        },
        {
            "username": "Pawanjmrc",
            "password": "pawanjmrc"
        },
        {
            "username": "Juhijmrc",
            "password": "juhijmrc"
        },
        {
            "username": "Chanchal.purbia.jmrc",
            "password": "chanchal.purbia.jmrc"
        },
        {
            "username": "Ronak",
            "password": "ronak"
        },
        {
            "username": "Ronakrfc",
            "password": "ronakrfc"
        },
        {
            "username": "Ronakjmrc",
            "password": "ronakjmrc"
        },
        {
            "username": "Ronaktest",
            "password": "ronaktest"
        },
        {
            "username": "Vinodtest",
            "password": "vinodtest"
        },
        {
            "username": "Pawantest",
            "password": "pawantest"
        },
        {
            "username": "Juhitest",
            "password": "juhitest"
        },
        {
            "username": "Chanchal.purbia.test",
            "password": "chanchal.purbia.test"
        },
        {
            "username": "Tanushri",
            "password": "tanushri"
        },
        {
            "username": "Vaibhav",
            "password": "vaibhav"
        },
        {
            "username": "Abhishek",
            "password": "abhishek"
        },
        {
            "username": "tanushrijmrc",
            "password": "tanushrijmrc"
        },
        {
            "username": "tanushritest",
            "password": "tanushritest"
        },
        {
            "username": "Ronakrsmml",
            "password": "ronakrsmml"
        },
        {
            "username": "Vinodrsmml",
            "password": "vinodrsmml"
        },
        {
            "username": "tanushrirsmml",
            "password": "tanushrirsmml"
        },
        {
            "username": "Abhishekrsmml",
            "password": "abhishekrsmml"
        },
        {
            "username": "Chanchal.purbia.rsmml",
            "password": "chanchal.purbia.rsmml"
        },
        {
            "username": "Juhirsmml",
            "password": "juhirsmml"
        },
        {
            "username": "Pawanrsmml",
            "password": "pawanrsmml"
        },
        {
            "username": "Vipul.jain.rsmml",
            "password": "vipul.jain.rsmml"
        },
        {
            "username": "Twishpeeka.rsmml",
            "password": "twishpeeka.rsmml"
        },
        {
            "username": "Abhishektest",
            "password": "abhishektest"
        },
        {
            "username": "opemp.jmrc",
            "password": "opemp.jmrc"
        },
        {
            "username": "Vipul.jain.rsrtc",
            "password": "vipul.jain.rsrtc"
        },
        {
            "username": "Twishpeeka.rsrtc",
            "password": "twishpeeka.rsrtc"
        },
        {
            "username": "Vinodrsrtc",
            "password": "vinodrsrtc"
        },
        {
            "username": "Chanchal.purbiarsrtc",
            "password": "chanchal.purbiarsrtc"
        },
        {
            "username": "Juhirsrtc",
            "password": "juhirsrtc"
        },
        {
            "username": "Pawanrsrtc",
            "password": "pawanrsrtc"
        },
        {
            "username": "Ronakrsrtc",
            "password": "ronakrsrtc"
        },
        {
            "username": "Tanushrirsrtc",
            "password": "tanushrirsrtc"
        },
        {
            "username": "Abhishekrsrtc",
            "password": "abhishekrsrtc"
        },
        {
            "username": "naveen",
            "password": "naveen"
        },
        {
            "username": "Vaibhav.jmrc",
            "password": "vaibhav.jmrc"
        },
        {
            "username": "naveenjmrc",
            "password": "naveenjmrc"
        },
        {
            "username": "naveentest",
            "password": "naveentest"
        },
        {
            "username": "naveenrsmml",
            "password": "naveenrsmml"
        },
        {
            "username": "naveenrsrtc",
            "password": "naveenrsrtc"
        },
        {
            "username": "Opemp2",
            "password": "opemp2"
        },
        {
            "username": "RCsharmarfc",
            "password": "rcsharmarfc"
        },
        {
            "username": "vinodrvunl",
            "password": "vinodrvunl"
        },
        {
            "username": "RCsharmajmrc",
            "password": "rcsharmajmrc"
        },
        {
            "username": "RCsharmarsmml",
            "password": "rcsharmarsmml"
        },
        {
            "username": "RCsharmarsrtc",
            "password": "rcsharmarsrtc"
        },
        {
            "username": "vipul.jain.rvunl",
            "password": "vipul.jain.rvunl"
        },
        {
            "username": "chanchal.purbia.rvunl",
            "password": "chanchal.purbia.rvunl"
        },
        {
            "username": "pawanrvunl",
            "password": "pawanrvunl"
        },
        {
            "username": "deepika.rsrtc",
            "password": "deepika.rsrtc"
        },
        {
            "username": "kritika.rsmml",
            "password": "kritika.rsmml"
        },
        {
            "username": "arshadrisl",
            "password": "arshadrisl"
        },
        {
            "username": "vipul.jain.rcdf",
            "password": "vipul.jain.rcdf"
        },
        {
            "username": "vinodrcdf",
            "password": "vinodrcdf"
        },
        {
            "username": "anil.rsrtc",
            "password": "anil.rsrtc"
        },
        {
            "username": "devanshu.rsmml",
            "password": "devanshu.rsmml"
        },
        {
            "username": "vipul.jain.auk",
            "password": "vipul.jain.auk"
        },
        {
            "username": "brahm.rvunl",
            "password": "brahm.rvunl"
        },
        {
            "username": "anil.jmrc",
            "password": "anil.jmrc"
        },
        {
            "username": "vipulespl",
            "password": "vipulespl"
        },
        {
            "username": "anil.rvunl",
            "password": "anil.rvunl"
        },
        {
            "username": "purva.rfc",
            "password": "purva.rfc"
        },
        {
            "username": "vaibhav.auk",
            "password": "vaibhav.auk"
        },
        {
            "username": "bablu.rvunl",
            "password": "bablu.rvunl"
        },
        {
            "username": "vipul.jain.avvnl",
            "password": "vipul.jain.avvnl"
        },
        {
            "username": "vipul.jain.jvvnl",
            "password": "vipul.jain.jvvnl"
        },
        {
            "username": "econnect.rfc",
            "password": "econnect.rfc"
        },
        {
            "username": "arshad.rfc",
            "password": "arshad.rfc"
        },
        {
            "username": "naveen.mehta",
            "password": "naveen.mehta"
        },
        {
            "username": "naveen.mehta.avvnl",
            "password": "naveen.mehta.avvnl"
        },
        {
            "username": "naveen.mehta.jvvnl",
            "password": "naveen.mehta.jvvnl"
        },
        {
            "username": "naveen.mehta.rvunl",
            "password": "naveen.mehta.rvunl"
        },
        {
            "username": "naveen.mehta.rcdf",
            "password": "naveen.mehta.rcdf"
        },
        {
            "username": "ronakruvnl",
            "password": "ronakruvnl"
        },
        {
            "username": "econnect.rvunl",
            "password": "econnect.rvunl"
        },
        {
            "username": "vipul.jain.jdvnl",
            "password": "vipul.jain.jdvnl"
        },
        {
            "username": "vipul.jain.rvpn",
            "password": "vipul.jain.rvpn"
        },
        {
            "username": "devanshu.risl",
            "password": "devanshu.risl"
        },
        {
            "username": "devanshu.auk",
            "password": "devanshu.auk"
        },
        {
            "username": "devanshu.jmrc",
            "password": "devanshu.jmrc"
        },
        {
            "username": "devanshu.rfc",
            "password": "devanshu.rfc"
        },
        {
            "username": "devanshu.rsrtc",
            "password": "devanshu.rsrtc"
        },
        {
            "username": "devanshu.rvunl",
            "password": "devanshu.rvunl"
        },
        {
            "username": "divaksh.risl",
            "password": "divaksh.risl"
        },
        {
            "username": "divaksh.auk",
            "password": "divaksh.auk"
        },
        {
            "username": "divaksh.avvnl",
            "password": "divaksh.avvnl"
        },
        {
            "username": "divaksh.jmrc",
            "password": "divaksh.jmrc"
        },
        {
            "username": "divaksh.jdvnl",
            "password": "divaksh.jdvnl"
        },
        {
            "username": "divaksh.rcdf",
            "password": "divaksh.rcdf"
        },
        {
            "username": "divaksh.rsmml",
            "password": "divaksh.rsmml"
        },
        {
            "username": "divaksh.rsrtc",
            "password": "divaksh.rsrtc"
        },
        {
            "username": "divaksh.rvpn",
            "password": "divaksh.rvpn"
        },
        {
            "username": "divaksh.rvunl",
            "password": "divaksh.rvunl"
        },
        {
            "username": "vinodavvnl",
            "password": "vinodavvnl"
        },
        {
            "username": "vinodjvvnl",
            "password": "vinodjvvnl"
        },
        {
            "username": "vinodauk",
            "password": "vinodauk"
        },
        {
            "username": "vinodjdvnl",
            "password": "vinodjdvnl"
        },
        {
            "username": "vinodrvpn",
            "password": "vinodrvpn"
        },
        {
            "username": "divaksh.espl",
            "password": "divaksh.espl"
        },
        {
            "username": "purva.auk",
            "password": "purva.auk"
        },
        {
            "username": "purva.avvnl",
            "password": "purva.avvnl"
        },
        {
            "username": "purva.espl",
            "password": "purva.espl"
        },
        {
            "username": "purva.jmrc",
            "password": "purva.jmrc"
        },
        {
            "username": "purva.jvvnl",
            "password": "purva.jvvnl"
        },
        {
            "username": "purva.jdvnl",
            "password": "purva.jdvnl"
        },
        {
            "username": "purva.rcdf",
            "password": "purva.rcdf"
        },
        {
            "username": "purva.rfc.",
            "password": "purva.rfc."
        },
        {
            "username": "purva.rsmm",
            "password": "purva.rsmm"
        },
        {
            "username": "purva.rsrtc",
            "password": "purva.rsrtc"
        },
        {
            "username": "purva.rvpn",
            "password": "purva.rvpn"
        },
        {
            "username": "purva.rvunl",
            "password": "purva.rvunl"
        },
        {
            "username": "Pawanrcdf",
            "password": "pawanrcdf"
        },
        {
            "username": "Pawanavvnl",
            "password": "pawanavvnl"
        },
        {
            "username": "Pawanjvvnl",
            "password": "pawanjvvnl"
        },
        {
            "username": "Pawanauk",
            "password": "pawanauk"
        },
        {
            "username": "Pawanjdvnl",
            "password": "pawanjdvnl"
        },
        {
            "username": "Pawanrvpn",
            "password": "pawanrvpn"
        },
        {
            "username": "bablu.rsrtc",
            "password": "bablu.rsrtc"
        },
        {
            "username": "rajesh.risl",
            "password": "rajesh.risl"
        },
        {
            "username": "Chanchal.purbia.rcdf",
            "password": "chanchal.purbia.rcdf"
        },
        {
            "username": "Chanchal.purbia.avvnl",
            "password": "chanchal.purbia.avvnl"
        },
        {
            "username": "Chanchal.purbia.jvvnl",
            "password": "chanchal.purbia.jvvnl"
        },
        {
            "username": "Chanchal.purbia.auk",
            "password": "chanchal.purbia.auk"
        },
        {
            "username": "Chanchal.purbia.rvpn",
            "password": "chanchal.purbia.rvpn"
        },
        {
            "username": "priti.auk",
            "password": "priti.auk"
        },
        {
            "username": "priti.avvnl",
            "password": "priti.avvnl"
        },
        {
            "username": "priti.espl",
            "password": "priti.espl"
        },
        {
            "username": "priti.jmrc",
            "password": "priti.jmrc"
        },
        {
            "username": "priti.jvvnl",
            "password": "priti.jvvnl"
        },
        {
            "username": "priti.jdvnl",
            "password": "priti.jdvnl"
        },
        {
            "username": "priti.risl",
            "password": "priti.risl"
        },
        {
            "username": "priti.rcdf",
            "password": "priti.rcdf"
        },
        {
            "username": "priti.rsmml",
            "password": "priti.rsmml"
        },
        {
            "username": "priti.rsrtc",
            "password": "priti.rsrtc"
        },
        {
            "username": "priti.rvpn",
            "password": "priti.rvpn"
        },
        {
            "username": "priti.rvunl",
            "password": "priti.rvunl"
        },
        {
            "username": "bablu.avvnl",
            "password": "bablu.avvnl"
        },
        {
            "username": "vaibhav.rvunl",
            "password": "vaibhav.rvunl"
        },
        {
            "username": "nawaz",
            "password": "nawaz"
        },
        {
            "username": "nawaz.rfc",
            "password": "nawaz.rfc"
        },
        {
            "username": "nawaz.jmrc",
            "password": "nawaz.jmrc"
        },
        {
            "username": "nawaz.test",
            "password": "nawaz.test"
        },
        {
            "username": "nawaz.rsmml",
            "password": "nawaz.rsmml"
        },
        {
            "username": "nawaz.rsrtc",
            "password": "nawaz.rsrtc"
        },
        {
            "username": "nawaz.rvunl",
            "password": "nawaz.rvunl"
        },
        {
            "username": "nawaz.rcdf",
            "password": "nawaz.rcdf"
        },
        {
            "username": "kritika.avvnl",
            "password": "kritika.avvnl"
        },
        {
            "username": "nawaz.avvnl",
            "password": "nawaz.avvnl"
        },
        {
            "username": "nawaz.jvvnl",
            "password": "nawaz.jvvnl"
        },
        {
            "username": "nawaz.auk",
            "password": "nawaz.auk"
        },
        {
            "username": "nawaz.jdvnl",
            "password": "nawaz.jdvnl"
        },
        {
            "username": "nawaz.rvpn",
            "password": "nawaz.rvpn"
        },
        {
            "username": "nawaz.rrvkcpf",
            "password": "nawaz.rrvkcpf"
        },
        {
            "username": "raahul",
            "password": "raahul"
        },
        {
            "username": "raahul.jmrc",
            "password": "raahul.jmrc"
        },
        {
            "username": "raahul.test",
            "password": "raahul.test"
        },
        {
            "username": "raahul.rsmml",
            "password": "raahul.rsmml"
        },
        {
            "username": "raahul.rsrtc",
            "password": "raahul.rsrtc"
        },
        {
            "username": "raahul.rvunl",
            "password": "raahul.rvunl"
        },
        {
            "username": "raahul.rcdf",
            "password": "raahul.rcdf"
        },
        {
            "username": "raahul.avvnl",
            "password": "raahul.avvnl"
        },
        {
            "username": "raahul.jvvnl",
            "password": "raahul.jvvnl"
        },
        {
            "username": "raahul.auk",
            "password": "raahul.auk"
        },
        {
            "username": "raahul.jdvnl",
            "password": "raahul.jdvnl"
        },
        {
            "username": "raahul.rvpn",
            "password": "raahul.rvpn"
        },
        {
            "username": "raahul.rrvkcpf",
            "password": "raahul.rrvkcpf"
        },
        {
            "username": "richa.auk",
            "password": "richa.auk"
        },
        {
            "username": "richa.avvnl",
            "password": "richa.avvnl"
        },
        {
            "username": "richa.espl",
            "password": "richa.espl"
        },
        {
            "username": "richa.jmrc",
            "password": "richa.jmrc"
        },
        {
            "username": "richa.jvvnl",
            "password": "richa.jvvnl"
        },
        {
            "username": "richa.jdvnl",
            "password": "richa.jdvnl"
        },
        {
            "username": "richa.risl",
            "password": "richa.risl"
        },
        {
            "username": "richa.rcdf",
            "password": "richa.rcdf"
        },
        {
            "username": "richa.rfc",
            "password": "richa.rfc"
        },
        {
            "username": "richa.rrvk",
            "password": "richa.rrvk"
        },
        {
            "username": "richa.rsmm",
            "password": "richa.rsmm"
        },
        {
            "username": "richa.rsrtc",
            "password": "richa.rsrtc"
        },
        {
            "username": "richa.rvpn",
            "password": "richa.rvpn"
        },
        {
            "username": "richa.rvunl",
            "password": "richa.rvunl"
        },
        {
            "username": "vipul.rrvk",
            "password": "vipul.rrvk"
        },
        {
            "username": "vipul.rrvkn",
            "password": "vipul.rrvkn"
        },
        {
            "username": "rajesh.rvunl",
            "password": "rajesh.rvunl"
        },
        {
            "username": "ronakjvvnl",
            "password": "ronakjvvnl"
        },
        {
            "username": "econnect.jvvnl",
            "password": "econnect.jvvnl"
        },
        {
            "username": "devanshutest",
            "password": "devanshutest"
        },
        {
            "username": "devanshujvvnl",
            "password": "devanshujvvnl"
        },
        {
            "username": "abhilasha.rsmml",
            "password": "abhilasha.rsmml"
        },
        {
            "username": "arshad972",
            "password": "arshad972"
        },
        {
            "username": "econnect.espl",
            "password": "econnect.espl"
        },
        {
            "username": "niti.rcdf",
            "password": "niti.rcdf"
        },
        {
            "username": "abhilasha.rcdf",
            "password": "abhilasha.rcdf"
        },
        {
            "username": "niti.rsmml",
            "password": "niti.rsmml"
        },
        {
            "username": "shubham.auk",
            "password": "shubham.auk"
        },
        {
            "username": "shubham.avvnl",
            "password": "shubham.avvnl"
        },
        {
            "username": "shubham.risl",
            "password": "shubham.risl"
        },
        {
            "username": "ronak.avvnl",
            "password": "ronak.avvnl"
        },
        {
            "username": "ravi.jvvnl",
            "password": "ravi.jvvnl"
        },
        {
            "username": "e-connect.avvnl",
            "password": "e-connect.avvnl"
        },
        {
            "username": "shubham.jvvnl",
            "password": "shubham.jvvnl"
        },
        {
            "username": "e-connect.auk",
            "password": "e-connect.auk"
        },
        {
            "username": "e-connect.jovnl",
            "password": "e-connect.jovnl"
        },
        {
            "username": "e-connect.rcdf",
            "password": "e-connect.rcdf"
        },
        {
            "username": "e-connect.rsrtc",
            "password": "e-connect.rsrtc"
        },
        {
            "username": "e-connect.rvpn",
            "password": "e-connect.rvpn"
        },
        {
            "username": "rajesh.jmrc",
            "password": "rajesh.jmrc"
        },
        {
            "username": "rajesh.avvnl",
            "password": "rajesh.avvnl"
        },
        {
            "username": "rajesh.jvvnl",
            "password": "rajesh.jvvnl"
        },
        {
            "username": "shubham_espl",
            "password": "shubham_espl"
        },
        {
            "username": "ravi_espl",
            "password": "ravi_espl"
        },
        {
            "username": "shubham.rvunl",
            "password": "shubham.rvunl"
        },
        {
            "username": "shubham.rfc",
            "password": "shubham.rfc"
        },
        {
            "username": "shubham.rvpn",
            "password": "shubham.rvpn"
        },
        {
            "username": "shubham.rsrtc",
            "password": "shubham.rsrtc"
        },
        {
            "username": "shubham.rsmml",
            "password": "shubham.rsmml"
        },
        {
            "username": "shubham.jdvnl",
            "password": "shubham.jdvnl"
        },
        {
            "username": "shubham.jmrc",
            "password": "shubham.jmrc"
        },
        {
            "username": "shubham.rcdf",
            "password": "shubham.rcdf"
        },
        {
            "username": "ravi.rsmml",
            "password": "ravi.rsmml"
        },
        {
            "username": "raunak457",
            "password": "raunak457"
        },
        {
            "username": "arshad_rvpn",
            "password": "arshad_rvpn"
        },
        {
            "username": "bablu_rvpn",
            "password": "bablu_rvpn"
        },
        {
            "username": "ronak.rvpn",
            "password": "ronak.rvpn"
        },
        {
            "username": "tanushri.avvnl",
            "password": "tanushri.avvnl"
        },
        {
            "username": "bablu.espl",
            "password": "bablu.espl"
        },
        {
            "username": "umesh.rsmml",
            "password": "umesh.rsmml"
        },
        {
            "username": "umesh.rvunl",
            "password": "umesh.rvunl"
        },
        {
            "username": "umesh.jvvnl",
            "password": "umesh.jvvnl"
        },
        {
            "username": "umesh.auk",
            "password": "umesh.auk"
        },
        {
            "username": "umesh.avvnl",
            "password": "umesh.avvnl"
        },
        {
            "username": "umesh.jmrc",
            "password": "umesh.jmrc"
        },
        {
            "username": "umesh.jdvnl",
            "password": "umesh.jdvnl"
        },
        {
            "username": "umesh.rcdf",
            "password": "umesh.rcdf"
        },
        {
            "username": "umesh.rsrtc",
            "password": "umesh.rsrtc"
        },
        {
            "username": "umesh.rvpn",
            "password": "umesh.rvpn"
        },
        {
            "username": "Chanchal.purbia.jdvnl",
            "password": "chanchal.purbia.jdvnl"
        },
        {
            "username": "ashwani.auk",
            "password": "ashwani.auk"
        },
        {
            "username": "ashwani.avvnl",
            "password": "ashwani.avvnl"
        },
        {
            "username": "ashwani.espl",
            "password": "ashwani.espl"
        },
        {
            "username": "ashwani.jvvnl",
            "password": "ashwani.jvvnl"
        },
        {
            "username": "ashwani.jdvnl",
            "password": "ashwani.jdvnl"
        },
        {
            "username": "ashwani.risl",
            "password": "ashwani.risl"
        },
        {
            "username": "ashwani.rcdf",
            "password": "ashwani.rcdf"
        },
        {
            "username": "ashwani.rsmml",
            "password": "ashwani.rsmml"
        },
        {
            "username": "ashwani.rsrtc",
            "password": "ashwani.rsrtc"
        },
        {
            "username": "ashwani.rvpn",
            "password": "ashwani.rvpn"
        },
        {
            "username": "ashwani.rvunl",
            "password": "ashwani.rvunl"
        },
        {
            "username": "sakshi",
            "password": "sakshi"
        },
        {
            "username": "econnect.rsmml",
            "password": "econnect.rsmml"
        },
        {
            "username": "econnect.rrvk",
            "password": "econnect.rrvk"
        },
        {
            "username": "ratan.jmrc",
            "password": "ratan.jmrc"
        },
        {
            "username": "sakshi.rajerp",
            "password": "sakshi.rajerp"
        },
        {
            "username": "anil.espl",
            "password": "anil.espl"
        },
        {
            "username": "ashwani.jmrc",
            "password": "ashwani.jmrc"
        },
        {
            "username": "purva.rruvnl",
            "password": "purva.rruvnl"
        },
        {
            "username": "deepika.risl",
            "password": "deepika.risl"
        },
        {
            "username": "deepika.auk",
            "password": "deepika.auk"
        },
        {
            "username": "deepika.rfc",
            "password": "deepika.rfc"
        },
        {
            "username": "deepika.jmrc",
            "password": "deepika.jmrc"
        },
        {
            "username": "richa.rruvnl",
            "password": "richa.rruvnl"
        },
        {
            "username": "rajesh_auk",
            "password": "rajesh_auk"
        },
        {
            "username": "rajesh245",
            "password": "rajesh245"
        },
        {
            "username": "rahuljain.avvnl",
            "password": "rahuljain.avvnl"
        },
        {
            "username": "rajesh740",
            "password": "rajesh740"
        },
        {
            "username": "rajesh280",
            "password": "rajesh280"
        },
        {
            "username": "raunak.jdvvnl",
            "password": "raunak.jdvvnl"
        },
        {
            "username": "rahuljain.rsmml",
            "password": "rahuljain.rsmml"
        },
        {
            "username": "vipul_rruvnl",
            "password": "vipul_rruvnl"
        },
        {
            "username": "kritika.jvvnl",
            "password": "kritika.jvvnl"
        },
        {
            "username": "rahuljain.rajerp",
            "password": "rahuljain.rajerp"
        },
        {
            "username": "giriraj.jvvnl",
            "password": "giriraj.jvvnl"
        },
        {
            "username": "raunak.auk",
            "password": "raunak.auk"
        },
        {
            "username": "raunak.jmrc",
            "password": "raunak.jmrc"
        },
        {
            "username": "sneha.risl",
            "password": "sneha.risl"
        },
        {
            "username": "sneha.rfc",
            "password": "sneha.rfc"
        },
        {
            "username": "ravi_rvunl",
            "password": "ravi_rvunl"
        },
        {
            "username": "lamha",
            "password": "lamha"
        },
        {
            "username": "sneha.rajerp",
            "password": "sneha.rajerp"
        },
        {
            "username": "arshad.rajerp",
            "password": "arshad.rajerp"
        },
        {
            "username": "bhishm",
            "password": "bhishm"
        },
        {
            "username": "bhishmrsmml",
            "password": "bhishmrsmml"
        },
        {
            "username": "raunak.risl",
            "password": "raunak.risl"
        },
        {
            "username": "shoaeb.khan",
            "password": "shoaeb.khan"
        },
        {
            "username": "jai.avvnl",
            "password": "jai.avvnl"
        },
        {
            "username": "raunak.rajerp",
            "password": "raunak.rajerp"
        },
        {
            "username": "arshad_rsmml",
            "password": "arshad_rsmml"
        },
        {
            "username": "sneha_rsmml",
            "password": "sneha_rsmml"
        },
        {
            "username": "archit.jain",
            "password": "archit.jain"
        },
        {
            "username": "megha.jain",
            "password": "megha.jain"
        },
        {
            "username": "devanshu.jdvnl",
            "password": "devanshu.jdvnl"
        },
        {
            "username": "chirag.ruvn",
            "password": "chirag.ruvn"
        },
        {
            "username": "ratan_rsmml",
            "password": "ratan_rsmml"
        },
        {
            "username": "sneha.rvpn",
            "password": "sneha.rvpn"
        },
        {
            "username": "devanshu.avvnl",
            "password": "devanshu.avvnl"
        },
        {
            "username": "ratan.rsrtc",
            "password": "ratan.rsrtc"
        },
        {
            "username": "purva_eesl",
            "password": "purva_eesl"
        },
        {
            "username": "ratan_jdvnl",
            "password": "ratan_jdvnl"
        },
        {
            "username": "yamini_rajerp",
            "password": "yamini_rajerp"
        },
        {
            "username": "richa_eesl",
            "password": "richa_eesl"
        },
        {
            "username": "arshad_jmrc",
            "password": "arshad_jmrc"
        },
        {
            "username": "raunak.eesl",
            "password": "raunak.eesl"
        },
        {
            "username": "chanchal.purbia.eesl",
            "password": "chanchal.purbia.eesl"
        },
        {
            "username": "richa_rspcb",
            "password": "richa_rspcb"
        },
        {
            "username": "umesh_rspcb",
            "password": "umesh_rspcb"
        },
        {
            "username": "vipul_rspcb",
            "password": "vipul_rspcb"
        },
        {
            "username": "purva_rspcb",
            "password": "purva_rspcb"
        },
        {
            "username": "raunak.rvunl",
            "password": "raunak.rvunl"
        },
        {
            "username": "deepika695",
            "password": "deepika695"
        },
        {
            "username": "mukhtiyar.avvnl",
            "password": "mukhtiyar.avvnl"
        },
        {
            "username": "rashijain.avvnl",
            "password": "rashijain.avvnl"
        },
        {
            "username": "amit.risl",
            "password": "amit.risl"
        },
        {
            "username": "giriraj.mali",
            "password": "giriraj.mali"
        },
        {
            "username": "abhishek_avvnl",
            "password": "abhishek_avvnl"
        },
        {
            "username": "giriraj.jdvvnl",
            "password": "giriraj.jdvvnl"
        },
        {
            "username": "giriraj.avvnl",
            "password": "giriraj.avvnl"
        },
        {
            "username": "chanchal.eesl",
            "password": "chanchal.eesl"
        },
        {
            "username": "chanchal.rsrtc",
            "password": "chanchal.rsrtc"
        },
        {
            "username": "devanshu040",
            "password": "devanshu040"
        },
        {
            "username": "ratan.risl",
            "password": "ratan.risl"
        },
        {
            "username": "chanchal.jdvnl",
            "password": "chanchal.jdvnl"
        },
        {
            "username": "econnect.eesl",
            "password": "econnect.eesl"
        },
        {
            "username": "divaksh.jvvnl",
            "password": "divaksh.jvvnl"
        },
        {
            "username": "arshad_avvnl",
            "password": "arshad_avvnl"
        },
        {
            "username": "ratan.rvunl",
            "password": "ratan.rvunl"
        },
        {
            "username": "e-connect.jmrc",
            "password": "e-connect.jmrc"
        },
        {
            "username": "ratan_rajerp",
            "password": "ratan_rajerp"
        },
        {
            "username": "jai_rsmml",
            "password": "jai_rsmml"
        },
        {
            "username": "deepika.rvunl",
            "password": "deepika.rvunl"
        },
        {
            "username": "raunak.avvnl",
            "password": "raunak.avvnl"
        },
        {
            "username": "raunak.rvpn",
            "password": "raunak.rvpn"
        },
        {
            "username": "deepika.avvnl",
            "password": "deepika.avvnl"
        },
        {
            "username": "devanshu.rvpn",
            "password": "devanshu.rvpn"
        },
        {
            "username": "mukhtiyar.hussain",
            "password": "mukhtiyar.hussain"
        },
        {
            "username": "mukhtiyar340",
            "password": "mukhtiyar340"
        },
        {
            "username": "anil.eesl",
            "password": "anil.eesl"
        },
        {
            "username": "munesh_eesl",
            "password": "munesh_eesl"
        },
        {
            "username": "hitesh_avvnl",
            "password": "hitesh_avvnl"
        },
        {
            "username": "hitesh_rajerp",
            "password": "hitesh_rajerp"
        },
        {
            "username": "amit.rsmml",
            "password": "amit.rsmml"
        },
        {
            "username": "lamha.rajerp",
            "password": "lamha.rajerp"
        },
        {
            "username": "ravi.rfc",
            "password": "ravi.rfc"
        },
        {
            "username": "chanchal.rvunl",
            "password": "chanchal.rvunl"
        },
        {
            "username": "vaibhav.jdvvnl",
            "password": "vaibhav.jdvvnl"
        },
        {
            "username": "vaibhav.avvnl",
            "password": "vaibhav.avvnl"
        },
        {
            "username": "hitesh_rvunl",
            "password": "hitesh_rvunl"
        },
        {
            "username": "chanchal.rajerp",
            "password": "chanchal.rajerp"
        },
        {
            "username": "ravi.avvnl",
            "password": "ravi.avvnl"
        },
        {
            "username": "anil.jvvnl",
            "password": "anil.jvvnl"
        },
        {
            "username": "anil.rvpn",
            "password": "anil.rvpn"
        },
        {
            "username": "giriraj.rfc",
            "password": "giriraj.rfc"
        },
        {
            "username": "giriraj.rsmml",
            "password": "giriraj.rsmml"
        },
        {
            "username": "giriraj.auk",
            "password": "giriraj.auk"
        },
        {
            "username": "abhishek_jvvnl",
            "password": "abhishek_jvvnl"
        },
        {
            "username": "abhishek.jmrc",
            "password": "abhishek.jmrc"
        },
        {
            "username": "abhishek_auk",
            "password": "abhishek_auk"
        },
        {
            "username": "abhishek_rvpn",
            "password": "abhishek_rvpn"
        },
        {
            "username": "abhishek_rvunl",
            "password": "abhishek_rvunl"
        },
        {
            "username": "sneha_rvunl",
            "password": "sneha_rvunl"
        },
        {
            "username": "parul.rsmml",
            "password": "parul.rsmml"
        },
        {
            "username": "anil_avvnl",
            "password": "anil_avvnl"
        },
        {
            "username": "sneha.jvvnl",
            "password": "sneha.jvvnl"
        },
        {
            "username": "abhishek_rfc",
            "password": "abhishek_rfc"
        },
        {
            "username": "sneha.avvnl",
            "password": "sneha.avvnl"
        },
        {
            "username": "shoaeb.avvnl",
            "password": "shoaeb.avvnl"
        },
        {
            "username": "vijay.rajerp",
            "password": "vijay.rajerp"
        },
        {
            "username": "vijay.jdvnl",
            "password": "vijay.jdvnl"
        },
        {
            "username": "sneha.jdvnl",
            "password": "sneha.jdvnl"
        },
        {
            "username": "lamha.jdvnl",
            "password": "lamha.jdvnl"
        },
        {
            "username": "anil.jdvvnl",
            "password": "anil.jdvvnl"
        },
        {
            "username": "vipul.eesl",
            "password": "vipul.eesl"
        },
        {
            "username": "shubham.eesl",
            "password": "shubham.eesl"
        },
        {
            "username": "pkgupta.avvnl",
            "password": "pkgupta.avvnl"
        },
        {
            "username": "pkgupta.rsmml",
            "password": "pkgupta.rsmml"
        },
        {
            "username": "mitesh.avvnl",
            "password": "mitesh.avvnl"
        },
        {
            "username": "deepika_jvvnl",
            "password": "deepika_jvvnl"
        },
        {
            "username": "durga.kunwar.avvnl",
            "password": "durga.kunwar.avvnl"
        },
        {
            "username": "durga.kunwar",
            "password": "durga.kunwar"
        },
        {
            "username": "lamha_avvnl",
            "password": "lamha_avvnl"
        },
        {
            "username": "harshita.avvnl",
            "password": "harshita.avvnl"
        },
        {
            "username": "harshita.jvvnl",
            "password": "harshita.jvvnl"
        },
        {
            "username": "akshat.avvnl",
            "password": "akshat.avvnl"
        },
        {
            "username": "anil.rruvnl",
            "password": "anil.rruvnl"
        },
        {
            "username": "shubham676",
            "password": "shubham676"
        },
        {
            "username": "giriraj.rvunl",
            "password": "giriraj.rvunl"
        },
        {
            "username": "giriraj.jmrc",
            "password": "giriraj.jmrc"
        },
        {
            "username": "rahul.jdvvnl",
            "password": "rahul.jdvvnl"
        },
        {
            "username": "richatripathi.avvnl",
            "password": "richatripathi.avvnl"
        },
        {
            "username": "abhishek_rruvnl",
            "password": "abhishek_rruvnl"
        },
        {
            "username": "abhishek_jdvnl",
            "password": "abhishek_jdvnl"
        },
        {
            "username": "akshat.jvvnl",
            "password": "akshat.jvvnl"
        },
        {
            "username": "sanjay.sahlot",
            "password": "sanjay.sahlot"
        },
        {
            "username": "abhishek427",
            "password": "abhishek427"
        },
        {
            "username": "akshat.jdvvnl",
            "password": "akshat.jdvvnl"
        },
        {
            "username": "kritika.risl",
            "password": "kritika.risl"
        },
        {
            "username": "deepika.jdvvnl",
            "password": "deepika.jdvvnl"
        },
        {
            "username": "durga.kunwar.rsmm",
            "password": "durga.kunwar.rsmm"
        },
        {
            "username": "harshita.jdvvnl",
            "password": "harshita.jdvvnl"
        },
        {
            "username": "durga.rvunl",
            "password": "durga.rvunl"
        },
        {
            "username": "durga.jvvnl",
            "password": "durga.jvvnl"
        },
        {
            "username": "durga.jdvvnl",
            "password": "durga.jdvvnl"
        },
        {
            "username": "mitesh.jvvnl",
            "password": "mitesh.jvvnl"
        },
        {
            "username": "pulkit560",
            "password": "pulkit560"
        },
        {
            "username": "kriti.rsmml",
            "password": "kriti.rsmml"
        },
        {
            "username": "durga.jmrc",
            "password": "durga.jmrc"
        },
        {
            "username": "durga.auk",
            "password": "durga.auk"
        },
        {
            "username": "lokesh.jdvvnl",
            "password": "lokesh.jdvvnl"
        },
        {
            "username": "ramesh.avvnl",
            "password": "ramesh.avvnl"
        },
        {
            "username": "garima.avvnl",
            "password": "garima.avvnl"
        },
        {
            "username": "ashish.avvnl",
            "password": "ashish.avvnl"
        },
        {
            "username": "ritu.avvnl",
            "password": "ritu.avvnl"
        },
        {
            "username": "mukhtiyar.jvvnl",
            "password": "mukhtiyar.jvvnl"
        },
        {
            "username": "archit.jdvvnl",
            "password": "archit.jdvvnl"
        },
        {
            "username": "hitesh_rsmml",
            "password": "hitesh_rsmml"
        },
        {
            "username": "durga.rfc",
            "password": "durga.rfc"
        },
        {
            "username": "kritika.auk",
            "password": "kritika.auk"
        },
        {
            "username": "ritu.jangid",
            "password": "ritu.jangid"
        },
        {
            "username": "minakshi.nagar",
            "password": "minakshi.nagar"
        },
        {
            "username": "amandeep.kaur",
            "password": "amandeep.kaur"
        },
        {
            "username": "mahesh.chand",
            "password": "mahesh.chand"
        },
        {
            "username": "jai.jvvnl",
            "password": "jai.jvvnl"
        },
        {
            "username": "jai.jdvvnl",
            "password": "jai.jdvvnl"
        },
        {
            "username": "ashok.tyagi",
            "password": "ashok.tyagi"
        },
        {
            "username": "jai.auk",
            "password": "jai.auk"
        },
        {
            "username": "jai.eesl",
            "password": "jai.eesl"
        },
        {
            "username": "jai.rajerp",
            "password": "jai.rajerp"
        },
        {
            "username": "riya.sharma",
            "password": "riya.sharma"
        },
        {
            "username": "lamha.risl",
            "password": "lamha.risl"
        },
        {
            "username": "tarun.vaya.jvvnl",
            "password": "tarun.vaya.jvvnl"
        },
        {
            "username": "archit.avvnl",
            "password": "archit.avvnl"
        },
        {
            "username": "tarun.vaya.avvnl",
            "password": "tarun.vaya.avvnl"
        },
        {
            "username": "tarun.vaya.rsmml",
            "password": "tarun.vaya.rsmml"
        },
        {
            "username": "shankar.sharma",
            "password": "shankar.sharma"
        },
        {
            "username": "ramavtar730.jvvn",
            "password": "ramavtar730.jvvn"
        },
        {
            "username": "anshulg.rsmml",
            "password": "anshulg.rsmml"
        },
        {
            "username": "ravi.jdvvnl",
            "password": "ravi.jdvvnl"
        },
        {
            "username": "sanjay.jvvnl",
            "password": "sanjay.jvvnl"
        },
        {
            "username": "sanjay.jdvnl",
            "password": "sanjay.jdvnl"
        },
        {
            "username": "sanjay.rsmml",
            "password": "sanjay.rsmml"
        },
        {
            "username": "yuvraj.avvnl",
            "password": "yuvraj.avvnl"
        },
        {
            "username": "rahul.jvvnl",
            "password": "rahul.jvvnl"
        },
        {
            "username": "archit.jvvnl",
            "password": "archit.jvvnl"
        },
        {
            "username": "archit.rvunl",
            "password": "archit.rvunl"
        },
        {
            "username": "archit.risl",
            "password": "archit.risl"
        },
        {
            "username": "abhishek058",
            "password": "abhishek058"
        },
        {
            "username": "abhishek.ruvnl",
            "password": "abhishek.ruvnl"
        },
        {
            "username": "deepak.manwani",
            "password": "deepak.manwani"
        },
        {
            "username": "ravi.risl",
            "password": "ravi.risl"
        },
        {
            "username": "deepak.avvnl",
            "password": "deepak.avvnl"
        },
        {
            "username": "deepak.jvvnl",
            "password": "deepak.jvvnl"
        },
        {
            "username": "deepa.rvunl",
            "password": "deepa.rvunl"
        },
        {
            "username": "deepak.jdvnl",
            "password": "deepak.jdvnl"
        },
        {
            "username": "raj.joshi",
            "password": "raj.joshi"
        },
        {
            "username": "rajjoshi.avvnl",
            "password": "rajjoshi.avvnl"
        },
        {
            "username": "rajjoshi.jvvnl",
            "password": "rajjoshi.jvvnl"
        },
        {
            "username": "rajjoshi.jdvnl",
            "password": "rajjoshi.jdvnl"
        },
        {
            "username": "rajjoshi.rvunl",
            "password": "rajjoshi.rvunl"
        },
        {
            "username": "mitesh.jdvnl",
            "password": "mitesh.jdvnl"
        },
        {
            "username": "mukhtiyar.jdvvnl",
            "password": "mukhtiyar.jdvvnl"
        },
        {
            "username": "hitesh.jvvnl",
            "password": "hitesh.jvvnl"
        },
        {
            "username": "chirag1527",
            "password": "chirag1527"
        },
        {
            "username": "chirag.jdvnl",
            "password": "chirag.jdvnl"
        },
        {
            "username": "kriti.avvnl",
            "password": "kriti.avvnl"
        },
        {
            "username": "sanjay.risl",
            "password": "sanjay.risl"
        },
        {
            "username": "qmate.rsmml",
            "password": "qmate.rsmml"
        },
        {
            "username": "qmate.avvnl",
            "password": "qmate.avvnl"
        },
        {
            "username": "qmate.jvvnl",
            "password": "qmate.jvvnl"
        },
        {
            "username": "qmate.rajerp",
            "password": "qmate.rajerp"
        }


]