{
  "Add Customer": {
    "Locator": "btnAddCustomer",
    "Type": "Button"
  },
  "Add Customer Group": {
    "Locator": "btnCustomerGroup",
    "Type": "Button"
  },
  "User Type": {
    "Locator": "purchaseSelfuse",
    "Type": "Dropdown"
  },
  "TCS Rate": {
    "Locator": "tcsRate",
    "Type": "Text Value"
  },
  "Enter PAN": {
    "Locator": "companyPan",
    "Type": "Text Value"
  },
  "Create New Branch Button": {
    "Locator": "btnCreateNewBranch",
    "Type": "Button"
  },
  "Company Type": {
    "Locator": "companyType",
    "Type": "Dropdown"
  },
  "Company Name": {
    "Locator": "companyName",
    "Type": "Text Value"
  },
  "Company Pincode": {
    "Locator": "companyPinCode",
    "Type": "Text Value"
  },
  "Company Address Line 1": {
    "Locator": "companyAddress1",
    "Type": "Text Value"
  },
  "Company Address Line 2": {
    "Locator": "companyAddress2",
    "Type": "Text Value"
  },
  "Company City": {
    "Locator": "companyCity",
    "Type": "Disabled"
  },
  "Company State": {
    "Locator": "companyState",
    "Type": "Disabled"
  },
  "Same As Above": {
    "Locator": "chkSameAsAbove",
    "Type": "Checkbox"
  },
  "Branch Name": {
    "Locator": "branchName",
    "Type": "Text Value"
  },
  "Branch Pincode": {
    "Locator": "branchPinCode",
    "Type": "Text Value"
  },
  "Branch Address Line 1": {
    "Locator": "branchAddress1",
    "Type": "Text Value"
  },
  "Branch Address Line 2": {
    "Locator": "branchAddress2",
    "Type": "Text Value"
  },
  "Branch City": {
    "Locator": "branchCity",
    "Type": "Disabled"
  },
  "Branch State": {
    "Locator": "branchState",
    "Type": "Disabled"
  },
  "PAN": {
    "Locator": "pan",
    "Type": "Text Value"
  },
  "PANFile": {
    "Locator": "pan",
    "Type": "File"
  },
  "GSTIN": {
    "Locator": "gstin",
    "Type": "Text Value"
  },
  "GSTINFile": {
    "Locator": "gstin",
    "Type": "File"
  },
  "TIN": {
    "Locator": "tin",
    "Type": "Text Value"
  },
  "TINFile": {
    "Locator": "tin",
    "Type": "File"
  },
  "IBM": {
    "Locator": "ibm",
    "Type": "Text Value"
  },
  "IBMFile": {
    "Locator": "ibm",
    "Type": "File"
  },
  "IBM Registration Date": {
    "Locator": "ibmRegDate",
    "Type": "Date"
  },
  "Customer Details Deactive Button": {
    "Locator": "action-Deactive",
    "Type": "Button"
  },
  "Customer Details Active Button": {
    "Locator": "action-Active",
    "Type": "Button"
  },
  "Customer Details Member List Button": {
    "Locator": "memberList",
    "Type": "Button"
  },
  "Customer Details Submit Button From Draft": {
    "Locator": "action-Submit",
    "Type": "Button"
  },
  "Customer Details Submit Button": {
    "Locator": "btnSubmitCustDetail",
    "Type": "Button"
  },
  "Customer Details Approve Button": {
    "Locator": "action-Approve",
    "Type": "Button"
  },
  "Customer Details Update Button": {
    "Locator": "btnSubmitCustDetail",
    "Type": "Button"
  },
  "View Customer List": {
    "Locator": "btnViewPlantList",
    "Type": "Button"
  },
  "Customer Search By Branch": {
    "Locator": "uncontrolled",
    "Type": "Text Value"
  },
  "SSO ID": {
    "Locator": "SSOID",
    "Type": "Text Value"
  },
  "Your Name": {
    "Locator": "yourname",
    "Type": "Text Value"
  },
  "Your Designation": {
    "Locator": "yourdesignation",
    "Type": "Text Value"
  },
  "Mobile Number": {
    "Locator": "mobilenumber",
    "Type": "Text Value"
  },
  "Alternate Mobile Number": {
    "Locator": "alternatemobilenumber",
    "Type": "Text Value"
  },
  "Email ID": {
    "Locator": "emailid",
    "Type": "Text Value"
  },
  "Fax": {
    "Locator": "fax",
    "Type": "Text Value"
  },
  "Customer Branch Reject Button": {
   "Locator": "action-Reject",
   "Type": "Button"
  },
  "Member List Submit Button": {
    "Locator": "btnSubmitMember",
    "Type": "Button"
  },
  "Plant Location": {
    "Locator": "plantLocation",
    "Type": "Text Value"
  },
  "Capacity of Production (in MT)": {
    "Locator": "productionCapacity",
    "Type": "Text Value"
  },
  "Year of Commissioning": {
    "Locator": "commisionYear",
    "Type": "Text Value"
  },
  "Production(MT)(Prev. Year)": {
    "Locator": "acctualproduction",
    "Type": "Text Value"
  },
  "Do you Purchase Minerals from Others": {
    "Locator": "radio-button-demo",
    "Type": "Radio Button"
  },
  "Ratio of Other:RSMML": {
    "Locator": "ratio",
    "Type": "Text Value"
  },
  "Estimate Yearly Req.(MT)": {
    "Locator": "yearlyRequirement",
    "Type": "Text Value"
  },
  "Registration Number": {
    "Locator": "registrationNumber",
    "Type": "Text Value"
  },
  "Approx Transport Charges": {
    "Locator": "transportCharge",
    "Type": "Text Value"
  },
  "Plant Capacity": {
    "Locator": "capacity",
    "Type": "Text Value"
  },
  "Document Upload": {
    "Locator": "outlined-button-file",
    "Type": "File"
  },
  "Plant Details Submit Button": {
    "Locator": "btnSubmitPlant",
    "Type": "Button"
  },
  "Customer Group Group Name": {
    "Locator": "groupName",
    "Type": "Text Value"
  },
  "Customer Group Description": {
    "Locator": "description",
    "Type": "Text Value"
  },
  "Customer Group Enter Customer PAN or Name": {
    "Locator": "custAutoSuggest",
    "Type": "AutoSuggest"
  },
  "Customer Group Search Text": {
    "Locator": "searchText",
    "Type": "Text Value"
  },
  "Customer Group Add Button": {
    "Locator": "btnAdd",
    "Type": "Button"
  },
  "Customer Group View List Button": {
    "Locator": "btnViewList",
    "Type": "Button"
  },
  "Customer Group View List Button From Add Group": {
    "Locator": "btnView",
    "Type": "Button"
  },
  "Customer Group Add Member": {
    "Locator": "btnAddMember",
    "Type": "Button"
  },
  "Add Agent Button": {
    "Locator": "btnAddAgentPo",
    "Type": "Button"
  },
  "Add Agent SSO ID": {
    "Locator": "ssoId",
    "Type": "Text Value"
  },
  "Add Agent Agent Name": {
    "Locator": "agentName",
    "Type": "Disabled"
  },
  "Add Agent Validity Date": {
    "Locator": "validityDate",
    "Type": "Date"
  },
  "Add Agent Pincode": {
    "Locator": "pinCode",
    "Type": "Disabled"
  },
  "Add Agent City": {
    "Locator": "city",
    "Type": "Disabled"
  },
  "Add Agent State": {
    "Locator": "state",
    "Type": "Disabled"
  },
  "Add Agent Address": {
    "Locator": "address",
    "Type": "Disabled"
  },
  "Add Agent Mobile Number": {
    "Locator": "mobileNumber",
    "Type": "Disabled"
  },
  "Add Agent Telephone Number (Office)": {
    "Locator": "telePhoneNumberOffice",
    "Type": "Disabled"
  },
  "Add Agent Alternate Number": {
    "Locator": "alternateNumber",
    "Type": "Disabled"
  },
  "Add Agent Fax": {
    "Locator": "fax",
    "Type": "Disabled"
  },
  "Add Agent Email": {
    "Locator": "email",
    "Type": "Disabled"
  },
  "Add Agent Save Button": {
    "Locator": "btnSaveModel",
    "Type": "Button"
  },
  "Search Financial Instrument By Number": {
    "Locator": "searchText",
    "Type": "Text Value"
  },
  "Financial Instrument Enter Customer PAN or Name": {
    "Locator": "customerAutoSuggest",
    "Type": "AutoSuggest"
  },
  "Financial Instrument Customer Name": {
    "Locator": "companyName",
    "Type": "Disabled"
  },
  "Financial Instrument Branch Name": {
    "Locator": "branchName",
    "Type": "Disabled"
  },
  "Financial Instrument Pincode": {
    "Locator": "pinCode",
    "Type": "Disabled"
  },
  "Financial Instrument State": {
    "Locator": "state",
    "Type": "Disabled"
  },
  "Financial Instrument City": {
    "Locator": "city",
    "Type": "Disabled"
  },
  "Financial Instrument Address Line 1": {
    "Locator": "address1",
    "Type": "Disabled"
  },
  "Financial Instrument Address Line 2": {
    "Locator": "address2",
    "Type": "Disabled"
  },
  "Financial Instrument Instrument Type": {
    "Locator": "instrumentType",
    "Type": "Dropdown"
  },
  "Financial Instrument Unit Name": {
    "Locator": "unitName",
    "Type": "Dropdown"
  },
  "Financial Instrument BG/LC Number": {
    "Locator": "fiNumber",
    "Type": "Text Value"
  },
  "Financial Instrument LC/BG Date": {
    "Locator": "fiDate",
    "Type": "Date"
  },
  "Financial Instrument BG/LC Amount": {
    "Locator": "fiAmount",
    "Type": "Text Value"
  },
  "Financial Instrument Validity Date": {
    "Locator": "validityDate",
    "Type": "Date"
  },
  "Financial Instrument Bank": {
    "Locator": "bank",
    "Type": "Text Value"
  },
  "Financial Instrument Remark": {
    "Locator": "remark",
    "Type": "Dropdown"
  },
  "Financial Instrument Presentation Days": {
    "Locator": "presentationDays",
    "Type": "Text Value"
  },
  "Financial Instrument Negotiating Bank": {
    "Locator": "negotiatingBank",
    "Type": "Text Value"
  },
  "Financial Instrument Negotiating Bank Account Number": {
    "Locator": "negotiatingBankAccNo",
    "Type": "Text Value"
  },
  "Financial Instrument LC Type": {
    "Locator": "lcType",
    "Type": "Dropdown"
  },
  "Financial Instrument File Upload": {
    "Locator": "outlined-button-file",
    "Type": "File"
  },
  "Financial Instrument Submit Button": {
    "Locator": "btnSubmit",
    "Type": "Button"
  },
  "Financial Instrument Approve Button": {
    "Locator": "action-Approve",
    "Type": "Button"
  },
  "Financial Instrument Reject Button": {
    "Locator": "action-Reject",
    "Type": "Button"
  },
  "Financial Instrument Print Button": {
    "Locator": "btnfiFilter",
    "Type": "Button"
  },
  "Financial Instrument View List Button": {
    "Locator": "btnViewFiInstrument",
    "Type": "Button"
  },
  "Transfer Financial Instrument Approve Button": {
    "Locator": "actionName-Approve",
    "Type": "Button"
  },
  "Transfer Financial Instrument Reject Button": {
    "Locator": "actionName-Reject",
    "Type": "Button"
  },
  "Add Purchase Order": {
    "Locator": "btnGenratePo",
    "Type": "Button"
  },
  "Purchase Order Enter Customer PAN or Name": {
    "Locator": "customerAutoSuggest",
    "Type": "AutoSuggest"
  },
  "Purchase Order Purchasing for Self Use": {
    "Locator": "purchasingTypeId",
    "Type": "Disabled"
  },
  "Purchase Order TCS Rate": {
    "Locator": "tcsRate",
    "Type": "Disabled"
  },
  "Purchase Order Company Name": {
    "Locator": "companyName",
    "Type": "Disabled"
  },
  "Purchase Order Branch Name": {
    "Locator": "branchName",
    "Type": "Disabled"
  },
  "Purchase Order Pincode": {
    "Locator": "pinCode",
    "Type": "Disabled"
  },
  "Purchase Order State": {
    "Locator": "state",
    "Type": "Disabled"
  },
  "Purchase Order City": {
    "Locator": "city",
    "Type": "Disabled"
  },
  "Purchase Order Address Line 1": {
    "Locator": "address1",
    "Type": "Disabled"
  },
  "Purchase Order Address Line 2": {
    "Locator": "address2",
    "Type": "Disabled"
  },
  "Purchase Order Coming Against Auction": {
    "Locator": "isAuctionable",
    "Type": "Checkbox"
  },
  "Purchase Order Unit Name": {
    "Locator": "unit",
    "Type": "Dropdown"
  },
  "Purchase Order Select Product": {
    "Locator": "product",
    "Type": "Dropdown"
  },
  "Purchase Order PO Quantity(MT)": {
    "Locator": "poQuantity",
    "Type": "Text Value"
  },
  "Purchase Order Preferred Mode of Payment": {
    "Locator": "modeOfPaymentID",
    "Type": "Dropdown"
  },
  "Purchase Order BID Number": {
    "Locator": "bidNumber",
    "Type": "Text Value"
  },
  "Purchase Order Product Price": {
    "Locator": "productPrice",
    "Type": "Text Value"
  },
  "Purchase Order Expiry Date": {
    "Locator": "expiryDate",
    "Type": "Date"
  },
  "Purchase Order New Expiry Date": {
    "Locator": "newExpiryDate",
    "Type": "Date"
  },
  "Purchase Order Agreement": {
    "Locator": "agreement",
    "Type": "File"
  },
  "Purchase Order Destination Pincode": {
    "Locator": "destinationPinCode",
    "Type": "Text Value"
  },
  "Purchase Order Destination City": {
    "Locator": "destinationcity",
    "Type": "Text Value"
  },
  "Purchase Order Destination State": {
    "Locator": "destinationstate",
    "Type": "Text Value"
  },
  "Purchase Order Submit Button": {
    "Locator": "btnSubmit",
    "Type": "Button"
  },
  "Purchase Order Agent": {
    "Locator": "react-select-2-input",
    "Type": "Search Agent"
  },
  "Purchase Order Approve Button": {
    "Locator": "btnactionApprove",
    "Type": "Button"
  },
  "Purchase Order Reject Button": {
    "Locator": "btnactionReject",
    "Type": "Button"
  },
  "Purchase Order Reject Remarks": {
    "Locator": "Remarks",
    "Type": "Text Value"
  },
  "Purchase Order Reject Remarks Submit Button": {
    "Locator": "btnSubmit",
    "Type": "Button"
  },
  "Purchase Order Reject Edit Request": {
    "Locator": "chkAllowEdit",
    "Type": "Checkbox"
  },
  "Renew PO Button": {
    "Locator": "btnReNewPo",
    "Type": "Button"
  },
  "Renew PO Search By Number": {
    "Locator": "searchText",
    "Type": "Text Value"
  },
  "Purchase Order Update Button": {
    "Locator": "btnUpdate",
    "Type": "Button"
  },
  "Purchase Order Confirm Approval Button": {
    "Locator": "btnconfirmVerify",
    "Type": "Button"
  },
  "Contract Release Order Select PO": {
    "Locator": "purchaseOrderId",
    "Type": "Dropdown"
  },
  "Contract Release Order Forward to ME Button": {
    "Locator": "btnactionForward to ME",
    "Type": "Button"
  },
  "Contract Release Order PO Number": {
    "Locator": "poNumber",
    "Type": "Read Only"
  },
  "Contract Release Order Unit Name": {
    "Locator": "unitName",
    "Type": "Read Only"
  },
  "Contract Release Order Product Name": {
    "Locator": "productName",
    "Type": "Read Only"
  },
  "Contract Release Order Product Description": {
    "Locator": "productDescription",
    "Type": "Read Only"
  },
  "Contract Release Order Available Quantity": {
    "Locator": "availableQuantity",
    "Type": "Read Only"
  },
  "Contract Release Order Product Quantity Required": {
    "Locator": "productQuantityRequired",
    "Type": "Text Value"
  },
  "Contract Release Order Number Of Credit Days Required": {
    "Locator": "numberOfCreditDaysRequired",
    "Type": "Text Value"
  },
  "Contract Release Order Pincode": {
    "Locator": "pincode",
    "Type": "Text Value"
  },
  "Contract Release Order City": {
    "Locator": "destinationCity",
    "Type": "Read Only"
  },
  "Contract Release Order State": {
    "Locator": "destinationState",
    "Type": "Read Only"
  },
  "Contract Release Order Select Dispatch Point": {
    "Locator": "dispatchPoint",
    "Type": "Dropdown"
  },
  "Contract Release Order Accept Change Of Dispatch Point": {
    "Locator": "AcceptChangeOfDispatch",
    "Type": "Checkbox"
  },
  "Contract Release Order Total Amount": {
    "Locator": "totalAmount",
    "Type": "Read Only"
  },
  "Contract Release Order Select Payment": {
    "Locator": "paymentMode",
    "Type": "Dropdown"
  },
  "Contract Release Order Select Instrument Type": {
    "Locator": "instrumentType",
    "Type": "Dropdown"
  },
  "Contract Release Order Select Instrument": {
    "Locator": "instrument",
    "Type": "Dropdown"
  },
  "Contract Release Order Next Button": {
    "Locator": "btnNext",
    "Type": "Button"
  },
  "Contract Release Order Agent": {
    "Locator": "react-select-2-input",
    "Type": "Agent"
  },
  "Contract Release Order Expiry Date": {
    "Locator": "croExpiryDate",
    "Type": "Date"
  },
  "Contract Release Order Forward To Marketing Executive Button": {
    "Locator": "btndispatchforward",
    "Type": "Button"
  },
  "Contract Release Order Forward to SE Button": {
    "Locator": "btnactionForward to SE",
    "Type": "Button"
  },
  "Contract Release Order View List Button": {
    "Locator": "btnViewList",
    "Type": "Button"
  },
  "Contract Release Order Reject Button": {
    "Locator": "btnactionReject",
    "Type": "Button"
  },
  "Contract Release Order Reject Remarks": {
    "Locator": "rejectRemarks",
    "Type": "Text Value"
  },
  "Contract Release Order Close Remarks": {
    "Locator": "closeRemarks",
    "Type": "Text Value"
  },
  "Contract Release Order Reject Remarks Submit Button": {
    "Locator": "btnRejectSubmit",
    "Type": "Button"
  },
  "Contract Release Order Approve Button": {
    "Locator": "btnactionApprove",
    "Type": "Button"
  },
  "Product Management Clear Button": {
    "Locator": "btnClear",
    "Type": "Button"
  },
  "Product Management Update Button": {
    "Locator": "isSaveUpdate",
    "Type": "Button"
  },
  "Weighbridge Operations Generate Dispatch Slip Button": {
    "Locator": "btnGenerateDispatchSlip",
    "Type": "Button"
  },
  "Debit Note Create Button": {
    "Locator": "btnDebitNote",
    "Type": "Button"
  },
  "Debit Note Adjustment For": {
    "Locator": "adjustmentFor",
    "Type": "Dropdown"
  },
  "Debit Note Adjustment Date": {
    "Locator": "adjustmentDate",
    "Type": "Date"
  },
  "Debit Note Customer Selection": {
    "Locator": "customerSelection",
    "Type": "AutoSuggest"
  },
  "Debit Note Due Date": {
    "Locator": "dueDate",
    "Type": "Date"
  },
  "Debit Note Select CRO": {
    "Locator": "croList",
    "Type": "Dropdown"
  },
  "Debit Note Invoice List": {
    "Locator": "invoicelist",
    "Type": "Dropdown"
  },
  "Debit Note Save Button": {
    "Locator": "btnSave",
    "Type": "Button"
  },
  "Debit Note View List Button": {
    "Locator": "btnViewList",
    "Type": "Button"
  },
  "Generate Receipt Create New Button": {
    "Locator": "btnGenerateReceipt",
    "Type": "Button"
  },
  "Receipt Enter Customer PAN or Name": {
    "Locator": "",
    "Type": "AutoSuggest"
  },
  "Receipt Company Name": {
    "Locator": "companyName",
    "Type": "Disabled"
  },
  "Receipt Branch Name": {
    "Locator": "companyName",
    "Type": "Disabled"
  },
  "Receipt Pincode": {
    "Locator": "",
    "Type": "Disabled"
  },
  "Receipt City": {
    "Locator": "companyName",
    "Type": "Disabled"
  },
  "Receipt State": {
    "Locator": "companyName",
    "Type": "Disabled"
  },
  "Receipt Receipt Against": {
    "Locator": "receiptAgainst",
    "Type": "Dropdown"
  },
  "Receipt Receipt Date": {
    "Locator": "receiptDate1",
    "Type": "Date"
  },
  "Receipt Deposited In": {
    "Locator": "receiptDate1"
  },
  "Receipt Add Button": {
    "Locator": "btnAdd",
    "Type": "Button"
  },
  "Generate Receipt Submit Button": {
    "Locator": "btnSubmitUpdate",
    "Type": "Button"
  },
  "Product Name": {
    "Locator": "productName",
    "Type": "Dropdown"
  },
  "Product Search By Name": {
    "Locator": "uncontrolled",
    "Type": "Text Value"
  },
  "Is Auctionable": {
    "Locator": "isAuctionable",
    "Type": "Disabled"
  },
  "HSN Code": {
    "Locator": "hsnCode",
    "Type": "Dropdown"
  },
  "Product Description": {
    "Locator": "productDescription",
    "Type": "Disabled"
  },
  "Ledger Type": {
    "Locator": "dispatchPoints",
    "Type": "MultiSelect"
  },
  "Free Credit Days": {
    "Locator": "freeCreditDays",
    "Type": "Text Value"
  },
  "Head": {
    "Locator": "head",
    "Type": "Dropdown"
  },
  "Invoice Generation": {
    "Locator": "invoiceGeneration",
    "Type": "Dropdown"
  },
  "Add New Product Button": {
    "Locator": "btnAddProduct",
    "Type": "Button"
  },
  "Product Details Submit Button": {
    "Locator": "btnSubmitUpdate",
    "Type": "Button"
  },
  "Effective from": {
    "Locator": "effectiveFrom",
    "Type": "Date"
  },
  "Product Rate(per MT)": {
    "Locator": "productRate",
    "Type": "Text Value"
  },
  "Processing Rate(per MT)": {
    "Locator": "processingRate",
    "Type": "Text Value"
  },
  "Product Add Price Submit Button": {
    "Locator": "btnSubmit",
    "Type": "Button"
  },
  "Interest Effective from": {
    "Locator": "effectiveFrom",
    "Type": "Date"
  },
  "Day From": {
    "Locator": "dayFrom",
    "Type": "Text Value"
  },
  "Day To": {
    "Locator": "dayTo",
    "Type": "Text Value"
  },
  "Interest Rate(Per MT)": {
    "Locator": "interestRate",
    "Type": "Text Value"
  },
  "Product Add Interest Submit Button": {
    "Locator": "btnSubmit",
    "Type": "Button"
  },
  "Select Component*": {
    "Locator": "componentAdd",
    "Type": "Dropdown"
  },
  "Start From": {
    "Locator": "effFromDate",
    "Type": "Date"
  },
  "End": {
    "Locator": "effToDate",
    "Type": "Date"
  },
  "Application From": {
    "Locator": "applicableFrom",
    "Type": "Date"
  },
  "Structure": {
    "Locator": {
      "First": "//div[@class='jss436 jss475 jss483 jss508 jss1438']//div[@id='dropdownOpen']//button[@type='button']",
      "Dropdown": "structureAdd"
    },
    "Type": "Structure"
  },
  "Product": {
    "Locator": {
      "First": "//div[@class='jss436 jss475 jss483 jss508 jss1438']//div[@id='dropdownOpen2']//i[@class='material-icons'][contains(text(),'filter_list')]",
      "Product": "tabProductGroup",
      "Group": "//div[@class='jss1437']//button[@id='tabGroup1']",
      "Dropdown": "productGroupAdd"
    },
    "Type": "Product"
  },
  "Customer": {
    "Locator": {
      "First": "//body[contains(@class,'pace-done pace-done pace-done pace-done')]/div[@id='containerfluid']/div[@id='content']/div[@id='MainBody']/div[contains(@class,'layout-app')]/div[@id='product-add-edit']/div[contains(@class,'jss30 jss113')]/div[contains(@class,'jss114')]/div[contains(@class,'jss1')]/div/div[contains(@class,'react-swipeable-view-container')]/div[contains(@aria-hidden,'false')]/div[contains(@class,'jss196 jss205')]/div/div/div[contains(@class,'jss1322')]/div[contains(@class,'jss435 jss459')]/div[contains(@class,'jss436 jss475 jss483 jss508 jss1438')]/div[@id='dropdownOpen3']/button[1]",
      "Customer": "tabCustomerGroup",
      "Group": "tabGroup",
      "Text": "customerAdd"
    },
    "Type": "Customer"
  },
  "Agreement": {
    "Locator": {
      "First": "//div[contains(@class,'jss436 jss475 jss483 jss508 jss1438')]//div[@id='dropdownOpen4']//button[contains(@type,'button')]",
      "Dropdown": "agreementType"
    },
    "Type": "Agreement"
  },
  "Calculation Type": {
    "Locator": "calculationType",
    "Type": "Dropdown"
  },
  "Formula": {
    "Locator": {
     "Keyword": "keyword", 
     "Amount": "amountFormula",
     "*": "btnMultiply"
    },
    "Type": "Formula"
  },
 
  "Priority": {
    "Locator": "calculationOrder",
    "Type": "Text Value"
  },
 "Search By CRO": {
   "Locator": "searchByCRO",
   "Type": "Text Value"
 },
 "Generate In Slip": {
   "Locator": "//button[@title='Generate In Slip']",
   "Type": "Button"
  },
  "Enter Vehicle Number": {
    "Locator": "vehicleNumber",
    "Type": "Text Value"
  },
  "Select Vehicle Type": {
    "Locator": "vehicleType",
    "Type": "Dropdown"
  },
  "Tare Weight": {
    "Locator": "tareWeight",
    "Type": "Text Value"
  },
  "Max Capacity": {
    "Locator": "maxCapacity",
    "Type": "Text Value"
  },
  "Driver Name": {
    "Locator": "driverName",
    "Type": "Text Value"
  },
  "Driver Mobile": {
    "Locator": "driverMobile",
    "Type": "Text Value"
  },
  "In Weight": {
    "Locator": "inWeight",
    "Type": "Text Value"
  },
  "Max Product Capacity": {
    "Locator": "maxProductQuantity",
    "Type": "disabled"
  },
  "Lease Id": {
    "Locator": "leaseId",
    "Type": "Text Value"
  },
  "Select Stock Location": {
    "Locator": "stockLocation",
    "Type": "Dropdown"
  },
  "Generate In Slip Button": {
    "Locator": "btnGenerateSlip",
    "Type": "Button"
  },
  "Tab In Vehicle": {
    "Locator": "tabInVehicles",
    "Type": "Button"
  },
  "Gross Weight": {
    "Locator": "grossWeight",
    "Type": "Text Value"
  },
  "Generate Out Slip Button": {
    "Locator": "btnGenerateSlip",
    "Type": "Button"
  },
  "Generate Out Slip": {
    "Locator": "//button[@title='Generate In Slip']",
    "Type": "Button"
  },
  "Search In Vehicle": {
    "Locator": "searchText",
    "Type": "Text Value"
  }
}