{
  "Third_Party_Deduction": {
    "URL": "HRM/ThirdPartyDeduction",
    "Employee_Name": {
      "Value": "",
      "Type": "SearchSelectDropdown",
      "Locator": {
        "Locator1": "//a[@class='select2-choice']//div//b",
        "Locator2": "//*[@id='select2-drop']/div/input"
      }
    },
    "Deduction_type": {
      "Value": "LIC",
      "Type": "Dropdown",
      "Locator": "//select[@id='PAYMENT_TYPE']"
    },
    "Start_Date":{
      "Value":{
        "Day": "16",
        "Month": "Feb",
        "Year": "2020"
      },
      "Type": "Date",
      "Locator": "//input[@id='START_DATE']"
    },
    "End_Date":{
      "Value":{
        "Day": "16",
        "Month": "Feb",
        "Year": "2020"
      },
      "Type": "Date",
      "Locator": "//input[@id='END_DATE']"
    },
    "Amount": {
      "Value": "500",
      "Type": "Text Value",
      "Locator": "//input[@id='AMOUNT']"
    }
  },
  "Mark_Attendance": {
    "URL": "HRM/ManualAttendance",
    "Financial_Year": {
      "Value": "",
      "Type": "Dropdown",
      "Locator": "//select[@id='ddlFinyear']"
    },
    "Month": {
      "Value": "",
      "Type": "Dropdown",
      "Locator": "//select[@id='ddlSalaryCycleId']"
    },
    "Employee Unit": {
      "Value": "Select all ",
      "Type": "SearchSelectDropdown",
      "Locator1": "//div[@id='s2id_UnitFilter']//div",
      "Locator2": "//*[@id='select2-drop']/div/input"
    },
    "Pay Group": {
      "Value": "",
      "Type": "SearchSelectDropdown",
      "Locator": {
        "Locator1": "//div[@id='s2id_ddlPB_GROUP_ID']//div",
        "Locator2": "//*[@id='select2-drop']/div/input"
      }
    },
    "Employee Location": {
      "Value": "",
      "Type": "SearchSelectDropDown",
      "Locator": {
        "Locator1": "//div[@id='s2id_UnitFilter']",
        "Locator2": "//*[@id='select2-drop']/div/input"
      }
    },
    "Designation": {
      "Value": "",
      "Type": "Dropdown",
      "Locator": "//select[@id='ddlDesigId']"
    },
    "Division": {
      "Value": "",
      "Type": "Dropdown",
      "Locator": "DIVISION"
    },
    "Is Gazetted": {
      "Value": "",
      "Type": "Dropdown",
      "Locator": "//select[@id='GAZETTED']"
    },
    "Filters": {
      "Financial_Year": {
        "Type": "Dropdown",
        "Value": "20192020",
        "Locator": "ddlFinyearFilter"
      },
      "Month": {
        "Type": "Dropdown",
        "Value": "Fabruary 2020",
        "Locator": "ddlSalaryCycleIdFilter"
      },
      "Pay Group": {
        "Type": "SearchSelectDropdown",
        "Value": "RIICO STAFF (Head Office)",
        "Locator": {
          "Locator1": "//div[@id='s2id_ddlPbGroupFilter']",
          "Locator2": "//*[@id='select2-drop']/div/input"
        }
      },
      "Employee Location": {
        "Value": "",
        "Type": "SearchSelectDropDown",
        "Locator": {
          "Locator1": "//div[@id='s2id_ddlUnitFilter']",
          "Locator2": "//*[@id='select2-drop']/div/input"
        }
      }
    }
  },
  "Add_Liability_Payment": {
        "URL": "HRM/ThirdPartyDeduction/Index_DisursPayment",
        "Financial_Year": {
            "Value": "",
            "Type": "Dropdown",
            "Locator": "//select[@id='Finyear']"
        },
        "Disbursement_From_Date":{
            "Value":{
                "Day": "16",
                "Month": "Feb",
                "Year": "2020"
            },
            "Type": "Date",
            "Locator": "//input[@id='BILL_DATE_FROM']"
        },
        "Disbursement_To_Date":{
            "Value":{
                "Day": "16",
                "Month": "Feb",
                "Year": "2020"
            },
            "Type": "Date",
            "Locator": "//input[@id='BILL_DATE_TO']"
        },
        "Disbursement_Type": {
		   "Value": ["Salary"],
			"Type": "Dropdown-Checkbox",
			"Locator": {
				"Locator1": "//label[contains(text(),'Disbursement Type')]/following-sibling::div//b[@class='caret']",
				"Locator2": "//label[contains(@class,'checkbox')][contains(text(),'Salary')]"
			}
	   },
        "Salary_Period": {
            "Value": "500",
            "Type": "Dropdown",
            "Locator": "//select[@id='SalCycleId']"
        },
        "Liability_Type": {
            "Value": "LIC",
            "Type": "Dropdown",
            "Locator": "//select[@id='LiabilityType']"
        },
        "Payment_Date":{
            "Value":{
                "Day": "16",
                "Month": "Feb",
                "Year": "2020"
            },
            "Type": "Date",
            "Locator": "//input[@id='PaymentDate']"
        },
        "Payment_Location": {
            "Value": "Bharatpur Zone",
            "Type": "SearchSelectDropdown",
            "Locator": {
              "Locator1": "//a[@class='select2-choice']//div//b",
              "Locator2": "//*[@id='select2-drop']/div/input"
            }
        }
  }

}
